id,product,brand,color,quantity,size,price,productRating,reviewTitle,review,first_name,last_name,email,gender
1,Jeans,Preiser,Red,3,M,739,1,Some major design flaws,Quisque id justo sit amet sapien dignissim vestibulum.,Eula,Cundey,ecundey0@meetup.com,Female
2,Jeans,Bachmann,Red,1,XS,1355,3,Nice Product,"Aliquam augue quam, sollicitudin vitae, consectetuer eget, rutrum at, lorem. Integer tincidunt ante vel ipsum.",Kelly,Neagle,kneagle1@purevolume.com,Male
3,Jeans,Roco,Red,2,XS,1067,5,My thing favorite,Proin at turpis a pede posuere nonummy.,Christen,Bernli,cbernli2@wikimedia.org,Female
4,Shirt,Preiser,Black,5,XL,620,3,Nice Product,"Vestibulum ac est lacinia nisi venenatis tristique. Fusce congue, diam id ornare imperdiet, sapien urna pretium nisl, ut volutpat sapien arcu sed augue.",Lela,Heaker,lheaker3@issuu.com,Female
5,Top,Faller,Black,3,M,988,4,Love it!,"Donec diam neque, vestibulum eget, vulputate ut, ultrices vel, augue. Vestibulum ante ipsum primis in faucibus orci luctus et ultrices posuere cubilia Curae; Donec pharetra, magna vestibulum aliquet ultrices, erat tortor sollicitudin mi, sit amet lobortis sapien sapien non mi.",Tobi,Almeida,talmeida4@hp.com,Female
6,Coat,Bachmann,Silver,4,XS,1243,3,Nice Product,"Nam nulla. Integer pede justo, lacinia eget, tincidunt eget, tempus vel, pede.",Dollie,Tither,dtither5@deviantart.com,Female
7,Kurti,Takara Tomy,Orange,4,L,1114,2,Bad Quality,"Lorem ipsum dolor sit amet, consectetuer adipiscing elit.",Mahalia,Lorimer,mlorimer6@liveinternet.ru,Female
8,Dress,Bachmann,Brown,5,XL,1985,5,My thing favorite,Sed vel enim sit amet nunc viverra dapibus.,Lissy,McKain,lmckain7@globo.com,Female
9,Coat,Roco,Yellow,5,XL,1478,3,Nice Product,"Nullam orci pede, venenatis non, sodales sed, tincidunt eu, felis. Fusce posuere felis sed lacus.",Rosalyn,Lauks,rlauks8@indiatimes.com,Female
10,Kurti,Bachmann,White,2,S,1997,1,Some major design flaws,Quisque ut erat. Curabitur gravida nisi at nibh.,Langsdon,Domnick,ldomnick9@hugedomains.com,Male
11,Pant,Bachmann,Red,3,L,681,4,Love it!,"Duis ac nibh. Fusce lacus purus, aliquet at, feugiat non, pretium quis, lectus.",Francis,Reddecliffe,freddecliffea@timesonline.co.uk,Male
12,Tees,FunkyBuys,Red,1,XS,1648,5,My thing favorite,"Fusce posuere felis sed lacus. Morbi sem mauris, laoreet ut, rhoncus aliquet, pulvinar sed, nisl.",Nathanil,Jaffra,njaffrab@wikipedia.org,Male
13,Shirt,Gaugemaster,Silver,5,XS,608,5,My thing favorite,Nulla tellus. In sagittis dui vel nisl.,Farleigh,Stainson,fstainsonc@simplemachines.org,Male
14,Tees,FunkyBuys,Black,3,L,561,3,Nice Product,Nunc rhoncus dui vel sem.,Nanny,Whiteson,nwhitesond@ted.com,Female
15,Pant,Faller,White,5,XL,1393,5,My thing favorite,Aliquam sit amet diam in magna bibendum imperdiet.,Immanuel,Blagbrough,iblagbroughe@un.org,Male
16,Jeans,Roco,Red,2,S,634,4,Love it!,Integer ac neque.,Raymund,Deniso,rdenisof@cnn.com,Male
17,Kurti,Chuggington,Black,2,XL,520,5,My thing favorite,Morbi vel lectus in quam fringilla rhoncus.,Hilda,Latchmore,hlatchmoreg@va.gov,Female
18,Kurti,Faller,Purple,2,L,1764,4,Love it!,Integer non velit.,Levin,Creegan,lcreeganh@cornell.edu,Male
19,Kurti,Takara Tomy,Yellow,5,XS,1941,5,My thing favorite,Duis ac nibh.,Kassie,Epinoy,kepinoyi@so-net.ne.jp,Female
20,Dress,Chuggington,Purple,3,S,1670,5,My thing favorite,Duis aliquam convallis nunc. Proin at turpis a pede posuere nonummy.,Kinna,Livett,klivettj@blogger.com,Female
21,Shirt,Bachmann,Brown,4,L,1119,1,Some major design flaws,Vestibulum sed magna at nunc commodo placerat. Praesent blandit.,Malinda,Winger,mwingerk@mysql.com,Female
22,Pant,Bachmann,Silver,1,S,620,5,My thing favorite,Nulla justo. Aliquam quis turpis eget elit sodales scelerisque.,Martyn,Peter,mpeterl@skyrock.com,Male
23,Shirt,Faller,Purple,5,S,1657,4,Love it!,Nulla justo. Aliquam quis turpis eget elit sodales scelerisque.,Derron,Gabriely,dgabrielym@php.net,Male
24,Jeans,Chuggington,White,2,XS,1180,2,Bad Quality,"Praesent lectus. Vestibulum quam sapien, varius ut, blandit non, interdum in, ante.",Tim,Serfati,tserfatin@walmart.com,Male
25,Jeans,FunkyBuys,Grey,4,L,1649,5,My thing favorite,Vestibulum ac est lacinia nisi venenatis tristique.,Gilles,Spurier,gspuriero@senate.gov,Male
26,Pant,FunkyBuys,Black,4,S,1659,2,Bad Quality,Aliquam erat volutpat. In congue.,Philip,Hagwood,phagwoodp@gizmodo.com,Male
27,Tees,Takara Tomy,Grey,5,XS,1071,3,Nice Product,"Vestibulum quam sapien, varius ut, blandit non, interdum in, ante. Vestibulum ante ipsum primis in faucibus orci luctus et ultrices posuere cubilia Curae; Duis faucibus accumsan odio.",Stepha,Woloschin,swoloschinq@liveinternet.ru,Female
28,Top,Bachmann,Blue,5,S,932,2,Bad Quality,Pellentesque eget nunc.,Debor,Bailey,dbaileyr@yolasite.com,Female
29,Tees,Preiser,Blue,4,XS,1007,2,Bad Quality,Nulla facilisi.,Russ,Gayne,rgaynes@unblog.fr,Male
30,Kurti,Preiser,Red,1,XS,1150,2,Bad Quality,In hac habitasse platea dictumst. Etiam faucibus cursus urna.,Meagan,Allibon,mallibont@dion.ne.jp,Female
31,Top,FunkyBuys,Green,1,L,1259,5,My thing favorite,Curabitur convallis. Duis consequat dui nec nisi volutpat eleifend.,Piper,Antonin,pantoninu@de.vu,Female
32,Dress,Chuggington,Pink,1,XL,770,5,My thing favorite,Duis at velit eu est congue elementum. In hac habitasse platea dictumst.,Sydelle,Mulford,smulfordv@slashdot.org,Female
33,Coat,Takara Tomy,Grey,3,M,1976,4,Love it!,Nunc rhoncus dui vel sem.,Amalie,Burdge,aburdgew@geocities.com,Female
34,Coat,Preiser,Brown,2,L,1452,2,Bad Quality,"Integer aliquet, massa id lobortis convallis, tortor risus dapibus augue, vel accumsan tellus nisi eu orci.",Pip,Brandes,pbrandesx@columbia.edu,Male
35,Dress,Preiser,Blue,4,XL,631,3,Nice Product,Mauris sit amet eros. Suspendisse accumsan tortor quis turpis.,Scot,Pask,spasky@baidu.com,Male
36,Dress,Preiser,Grey,2,XL,1001,3,Nice Product,Duis bibendum.,Rebecka,Edlyn,redlynz@walmart.com,Female
37,Shirt,Hornby,White,2,XS,1368,1,Some major design flaws,Vivamus vel nulla eget eros elementum pellentesque. Quisque porta volutpat erat.,Thoma,Morse,tmorse10@lulu.com,Male
38,Tees,Preiser,Yellow,5,XS,712,5,My thing favorite,Phasellus sit amet erat. Nulla tempus.,Fredrika,Finlry,ffinlry11@addtoany.com,Female
39,Shirt,Gaugemaster,Pink,5,XL,753,5,My thing favorite,Donec ut dolor. Morbi vel lectus in quam fringilla rhoncus.,Ailbert,Orae,aorae12@prnewswire.com,Male
40,Jeans,Takara Tomy,Grey,5,XS,965,4,Love it!,Nunc rhoncus dui vel sem. Sed sagittis.,Issi,Macy,imacy13@ameblo.jp,Female
41,Jeans,Bachmann,Green,3,S,956,3,Nice Product,"Morbi odio odio, elementum eu, interdum eu, tincidunt in, leo.",Cariotta,Chittock,cchittock14@washingtonpost.com,Female
42,Coat,FunkyBuys,Yellow,4,M,1753,1,Some major design flaws,"Integer pede justo, lacinia eget, tincidunt eget, tempus vel, pede.",Leanor,Cumesky,lcumesky15@vimeo.com,Female
43,Kurti,Bachmann,Pink,3,L,923,1,Some major design flaws,Suspendisse potenti. Cras in purus eu magna vulputate luctus.,Con,Gunny,cgunny16@nifty.com,Female
44,Top,Gaugemaster,Black,1,M,1315,3,Nice Product,Nullam molestie nibh in lectus.,Ogden,Richfield,orichfield17@aboutads.info,Male
45,Coat,Faller,Orange,2,XL,1430,2,Bad Quality,Suspendisse potenti.,Bronnie,Herity,bherity18@ucsd.edu,Male
46,Tees,Preiser,Pink,1,XL,749,1,Some major design flaws,Nulla tempus. Vivamus in felis eu sapien cursus vestibulum.,Felicia,Sandbatch,fsandbatch19@studiopress.com,Female
47,Dress,Gaugemaster,Black,3,XS,1661,3,Nice Product,Curabitur at ipsum ac tellus semper interdum. Mauris ullamcorper purus sit amet nulla.,Jennine,Chauvey,jchauvey1a@narod.ru,Female
48,Dress,Preiser,Blue,2,S,792,2,Bad Quality,"Aliquam augue quam, sollicitudin vitae, consectetuer eget, rutrum at, lorem.",Kahlil,Jansen,kjansen1b@studiopress.com,Male
49,Pant,Gaugemaster,Orange,3,XS,557,3,Nice Product,"Vestibulum ante ipsum primis in faucibus orci luctus et ultrices posuere cubilia Curae; Donec pharetra, magna vestibulum aliquet ultrices, erat tortor sollicitudin mi, sit amet lobortis sapien sapien non mi.",Penn,Keijser,pkeijser1c@si.edu,Male
50,Jeans,Bachmann,White,3,L,710,5,My thing favorite,"Aliquam augue quam, sollicitudin vitae, consectetuer eget, rutrum at, lorem. Integer tincidunt ante vel ipsum.",Merilyn,Satch,msatch1d@chron.com,Female
51,Top,FunkyBuys,Pink,4,XL,1025,3,Nice Product,Praesent blandit lacinia erat.,Jackie,Metson,jmetson1e@ft.com,Female
52,Kurti,Roco,Pink,5,L,582,4,Love it!,"Donec ut mauris eget massa tempor convallis. Nulla neque libero, convallis eget, eleifend luctus, ultricies eu, nibh.",Lindsey,Eminson,leminson1f@about.me,Female
53,Shirt,Hornby,Yellow,1,L,1341,5,My thing favorite,Quisque ut erat. Curabitur gravida nisi at nibh.,Mohandas,Rosgen,mrosgen1g@cpanel.net,Male
54,Top,FunkyBuys,Pink,3,XL,1906,1,Some major design flaws,"Integer aliquet, massa id lobortis convallis, tortor risus dapibus augue, vel accumsan tellus nisi eu orci.",Wells,Warre,wwarre1h@vimeo.com,Male
55,Dress,Hornby,Red,2,XL,1791,1,Some major design flaws,"Donec odio justo, sollicitudin ut, suscipit a, feugiat et, eros.",Jamaal,Defrain,jdefrain1i@youtu.be,Male
56,Jeans,Chuggington,Purple,1,L,1666,2,Bad Quality,Proin at turpis a pede posuere nonummy. Integer non velit.,Trisha,Sarsons,tsarsons1j@a8.net,Female
57,Shirt,Bachmann,Purple,1,XL,904,5,My thing favorite,"Duis bibendum, felis sed interdum venenatis, turpis enim blandit mi, in porttitor pede justo eu massa. Donec dapibus.",Fifine,Quakley,fquakley1k@columbia.edu,Female
58,Pant,Chuggington,Grey,5,XL,1894,4,Love it!,Vivamus in felis eu sapien cursus vestibulum. Proin eu mi.,Marcelle,Pratton,mpratton1l@drupal.org,Female
59,Top,Takara Tomy,Grey,3,L,1057,5,My thing favorite,Nulla nisl. Nunc nisl.,Renaldo,Cordrey,rcordrey1m@moonfruit.com,Male
60,Tees,Bachmann,White,4,M,891,4,Love it!,Duis at velit eu est congue elementum. In hac habitasse platea dictumst.,Lorianne,Ruse,lruse1n@usda.gov,Female
61,Pant,FunkyBuys,White,1,XL,1268,5,My thing favorite,Aenean auctor gravida sem.,Mitchel,Dilrew,mdilrew1o@phoca.cz,Male
62,Pant,Takara Tomy,Grey,4,L,602,1,Some major design flaws,Aliquam quis turpis eget elit sodales scelerisque. Mauris sit amet eros.,Sergent,Niset,sniset1p@skype.com,Male
63,Coat,Preiser,Purple,3,XL,1214,1,Some major design flaws,Duis at velit eu est congue elementum. In hac habitasse platea dictumst.,Astrix,Cristofano,acristofano1q@cnbc.com,Female
64,Kurti,Preiser,Pink,4,S,660,3,Nice Product,Morbi quis tortor id nulla ultrices aliquet.,Odette,Elphee,oelphee1r@blogs.com,Female
65,Dress,Preiser,Brown,5,L,1978,2,Bad Quality,"In tempor, turpis nec euismod scelerisque, quam turpis adipiscing lorem, vitae mattis nibh ligula nec sem. Duis aliquam convallis nunc.",Mickie,Straniero,mstraniero1s@vkontakte.ru,Female
66,Dress,Gaugemaster,Green,2,S,1914,3,Nice Product,"Aliquam sit amet diam in magna bibendum imperdiet. Nullam orci pede, venenatis non, sodales sed, tincidunt eu, felis.",Leontyne,Skyrm,lskyrm1t@elpais.com,Female
67,Shirt,Hornby,Yellow,2,XL,1898,3,Nice Product,Praesent id massa id nisl venenatis lacinia.,Lanae,Darrington,ldarrington1u@lulu.com,Female
68,Shirt,Roco,Gold,3,S,710,4,Love it!,"Praesent lectus. Vestibulum quam sapien, varius ut, blandit non, interdum in, ante.",Claire,Agneau,cagneau1v@fotki.com,Male
69,Dress,Hornby,Pink,4,M,1707,2,Bad Quality,Suspendisse potenti.,Korie,De Caville,kdecaville1w@wikia.com,Female
70,Top,FunkyBuys,Blue,4,L,1601,1,Some major design flaws,In sagittis dui vel nisl. Duis ac nibh.,Derwin,Surr,dsurr1x@globo.com,Male
71,Dress,Gaugemaster,Black,2,S,587,5,My thing favorite,Praesent id massa id nisl venenatis lacinia.,Elsie,Poundford,epoundford1y@shutterfly.com,Female
72,Shirt,Gaugemaster,Black,5,XL,1727,2,Bad Quality,Nullam porttitor lacus at turpis.,Katheryn,Kaspar,kkaspar1z@whitehouse.gov,Female
73,Dress,Takara Tomy,White,5,L,1941,4,Love it!,"Nam ultrices, libero non mattis pulvinar, nulla pede ullamcorper augue, a suscipit nulla elit ac nulla.",Denney,Bugler,dbugler20@amazon.co.jp,Male
74,Top,Takara Tomy,Brown,3,L,870,5,My thing favorite,Maecenas pulvinar lobortis est. Phasellus sit amet erat.,Nara,Murdy,nmurdy21@biglobe.ne.jp,Female
75,Top,Roco,White,1,XL,745,4,Love it!,Vivamus vestibulum sagittis sapien.,Guy,Bassom,gbassom22@umn.edu,Male
76,Jeans,Preiser,Black,5,S,1937,4,Love it!,Nullam porttitor lacus at turpis.,Reba,Ferrey,rferrey23@ed.gov,Female
77,Shirt,Roco,Blue,5,S,1146,4,Love it!,Pellentesque at nulla. Suspendisse potenti.,Isidor,Mulroy,imulroy24@bloomberg.com,Male
78,Shirt,Chuggington,Blue,2,XL,1847,4,Love it!,"Donec diam neque, vestibulum eget, vulputate ut, ultrices vel, augue.",Belvia,Wibberley,bwibberley25@theguardian.com,Female
79,Dress,Takara Tomy,Blue,2,XL,699,2,Bad Quality,Maecenas pulvinar lobortis est.,Constantia,Etteridge,cetteridge26@people.com.cn,Female
80,Tees,FunkyBuys,Orange,5,S,683,3,Nice Product,Nullam molestie nibh in lectus.,Hi,Sawforde,hsawforde27@creativecommons.org,Male
81,Tees,FunkyBuys,Yellow,2,L,1363,2,Bad Quality,Cras pellentesque volutpat dui.,Allin,Arkell,aarkell28@google.de,Male
82,Dress,Roco,Pink,5,S,626,2,Bad Quality,Nulla ut erat id mauris vulputate elementum. Nullam varius.,Brittaney,Thelwll,bthelwll29@rediff.com,Female
83,Shirt,Roco,Yellow,5,XL,1628,4,Love it!,Vestibulum ac est lacinia nisi venenatis tristique.,Kristine,Bleby,kbleby2a@weibo.com,Female
84,Top,Takara Tomy,Brown,5,M,1522,1,Some major design flaws,Suspendisse accumsan tortor quis turpis.,Claudius,Feasey,cfeasey2b@geocities.com,Male
85,Shirt,FunkyBuys,White,1,XL,932,2,Bad Quality,Pellentesque ultrices mattis odio.,Orville,Darth,odarth2c@samsung.com,Male
86,Kurti,Takara Tomy,Blue,1,S,558,2,Bad Quality,Pellentesque ultrices mattis odio. Donec vitae nisi.,Licha,Ellicombe,lellicombe2d@archive.org,Female
87,Tees,FunkyBuys,Blue,4,L,673,4,Love it!,Integer a nibh.,Kin,Iron,kiron2e@wiley.com,Male
88,Top,Chuggington,Pink,2,XL,635,5,My thing favorite,"Integer non velit. Donec diam neque, vestibulum eget, vulputate ut, ultrices vel, augue.",Bernette,Eagar,beagar2f@cnn.com,Female
89,Kurti,Faller,Gold,5,M,1667,2,Bad Quality,Nulla facilisi. Cras non velit nec nisi vulputate nonummy.,Emylee,Erskine Sandys,eerskinesandys2g@purevolume.com,Female
90,Jeans,FunkyBuys,Blue,5,L,1521,2,Bad Quality,In blandit ultrices enim.,Yehudi,Gippes,ygippes2h@canalblog.com,Male
91,Shirt,Faller,Yellow,1,XS,829,4,Love it!,"Duis bibendum, felis sed interdum venenatis, turpis enim blandit mi, in porttitor pede justo eu massa.",Ashien,Bolzmann,abolzmann2i@hibu.com,Female
92,Tees,Gaugemaster,Purple,5,M,1761,5,My thing favorite,Mauris sit amet eros.,Sherry,Gheeorghie,sgheeorghie2j@flickr.com,Female
93,Kurti,FunkyBuys,Pink,1,XL,1029,4,Love it!,Nulla ut erat id mauris vulputate elementum.,Gunar,Castagne,gcastagne2k@ocn.ne.jp,Male
94,Shirt,Chuggington,Orange,4,XL,1677,1,Some major design flaws,Curabitur convallis.,Anne-marie,Fitzer,afitzer2l@ox.ac.uk,Female
95,Jeans,Roco,Grey,5,XL,774,3,Nice Product,Duis consequat dui nec nisi volutpat eleifend.,Sarene,Brittoner,sbrittoner2m@princeton.edu,Female
96,Jeans,Preiser,Silver,3,XS,701,2,Bad Quality,Nulla mollis molestie lorem.,Ken,Pool,kpool2n@mac.com,Male
97,Dress,Takara Tomy,Blue,5,S,1407,2,Bad Quality,"Cum sociis natoque penatibus et magnis dis parturient montes, nascetur ridiculus mus. Etiam vel augue.",Charmion,Digg,cdigg2o@people.com.cn,Female
98,Tees,Faller,Brown,2,L,725,3,Nice Product,Aenean fermentum. Donec ut mauris eget massa tempor convallis.,Imojean,Smithies,ismithies2p@omniture.com,Female
99,Dress,Chuggington,Brown,3,L,1795,2,Bad Quality,Nam tristique tortor eu pede.,Konstantine,Boise,kboise2q@nydailynews.com,Male
